{
    "haskell.nix": {
        "branch": "master",
        "description": "Alternative Haskell Infrastructure for Nixpkgs",
        "homepage": "https://input-output-hk.github.io/haskell.nix",
        "owner": "input-output-hk",
        "repo": "haskell.nix",
        "rev": "5065fe9aaea869e76ca0f11d7b7864aa3ca79553",
        "sha256": "0x7kjdcxhjy1jfr6dh6blji1vb8x7k8yxz23d8bby4akxr43ws46",
        "type": "tarball",
        "url": "https://github.com/input-output-hk/haskell.nix/archive/5065fe9aaea869e76ca0f11d7b7864aa3ca79553.tar.gz",
        "url_template": "https://github.com/<owner>/<repo>/archive/<rev>.tar.gz"
    },
    "niv": {
        "branch": "master",
        "description": "Easy dependency management for Nix projects",
        "homepage": "https://github.com/nmattia/niv",
        "owner": "nmattia",
        "repo": "niv",
        "rev": "d9f62fdcb7f009e916a4377388316e8d4718173f",
        "sha256": "0z55171x705sxlndzkq5ysy7pr1m2s4m5k741kz5mbk1mnp8nrkd",
        "type": "tarball",
        "url": "https://github.com/nmattia/niv/archive/d9f62fdcb7f009e916a4377388316e8d4718173f.tar.gz",
        "url_template": "https://github.com/<owner>/<repo>/archive/<rev>.tar.gz"
    },
    "nixpkgs": {
        "branch": "nixos-19.03",
        "description": "A read-only mirror of NixOS/nixpkgs tracking the released channels. Send issues and PRs to",
        "homepage": "https://github.com/NixOS/nixpkgs",
        "owner": "NixOS",
        "repo": "nixpkgs-channels",
        "rev": "3ead845da927f9fed0d0f52a9c32dde2ce548873",
        "sha256": "10ycdjr32zxfyqfq1qgkgxzfbig819y664mk1l7a6bvk6077c4xp",
        "type": "tarball",
        "url": "https://github.com/NixOS/nixpkgs-channels/archive/3ead845da927f9fed0d0f52a9c32dde2ce548873.tar.gz",
        "url_template": "https://github.com/<owner>/<repo>/archive/<rev>.tar.gz"
    }
}
